{"version":2,"languages":{"nodejs-npm":{"specfileHash":"28d74e22b38b3975c4e67a46b32fcf83","lockfileHash":"1aec38c0d24f5d79b1ad30fd2c851359","guessedImports":["vite","@vitejs/plugin-vue","vue-router","vue","quasar","@quasar/extras","vuex"],"guessedImportsHash":"26070cf199dbbdbe44dffdc4f27ea328"},"nodejs-yarn":{"specfileHash":"9c7134155a602c555dd1acb4949c3d60","lockfileHash":"2430d565c4b767501d30ce7b10f50a7c","guessedImports":["@vitejs/plugin-vue","vue"],"guessedImportsHash":"235bea674db17af72541a907bd889b58"}}}
